-- phpMyAdmin SQL Dump
-- version 5.1.1deb5ubuntu1
-- https://www.phpmyadmin.net/
--
-- Host: localhost:3306
-- Generation Time: Jun 25, 2024 at 05:02 PM
-- Server version: 10.6.16-MariaDB-0ubuntu0.22.04.1
-- PHP Version: 8.1.2-1ubuntu2.14

SET SQL_MODE = "NO_AUTO_VALUE_ON_ZERO";
START TRANSACTION;
SET time_zone = "+00:00";


/*!40101 SET @OLD_CHARACTER_SET_CLIENT=@@CHARACTER_SET_CLIENT */;
/*!40101 SET @OLD_CHARACTER_SET_RESULTS=@@CHARACTER_SET_RESULTS */;
/*!40101 SET @OLD_COLLATION_CONNECTION=@@COLLATION_CONNECTION */;
/*!40101 SET NAMES utf8mb4 */;

--
-- Database: `kanjiquiz`
--

-- --------------------------------------------------------

--
-- Table structure for table `answer_tbl`
--

CREATE TABLE `answer_tbl` (
  `cho_id` int(11) NOT NULL,
  `q_id` int(11) DEFAULT NULL,
  `cho_n` int(11) DEFAULT NULL,
  `cho` text DEFAULT NULL
) ENGINE=InnoDB DEFAULT CHARSET=utf8mb4 COLLATE=utf8mb4_general_ci;

--
-- Dumping data for table `answer_tbl`
--

INSERT INTO `answer_tbl` (`cho_id`, `q_id`, `cho_n`, `cho`) VALUES
(1, 1, 1, '郵送'),
(2, 1, 2, '包送'),
(3, 1, 3, '発送'),
(4, 1, 4, '放送'),
(5, 2, 1, '速達'),
(6, 2, 2, '配達'),
(7, 2, 3, '発達'),
(8, 2, 4, '友達'),
(9, 3, 1, '空港'),
(10, 3, 2, '船空'),
(11, 3, 3, '港口'),
(12, 3, 4, '高校'),
(13, 4, 1, '寄付'),
(14, 4, 2, '寄符'),
(15, 4, 3, '切符'),
(16, 4, 4, '切付'),
(17, 5, 1, '流して'),
(18, 5, 2, '掃して'),
(19, 5, 3, '清して'),
(20, 5, 4, '除して'),
(21, 6, 1, '遅刻表'),
(22, 6, 2, '時間表'),
(23, 6, 3, '運賃表'),
(24, 6, 4, '時刻表'),
(25, 7, 1, '療目'),
(26, 7, 2, '両目'),
(27, 7, 3, '料目'),
(28, 7, 4, '号目'),
(29, 8, 1, '外科'),
(30, 8, 2, '入科'),
(31, 8, 3, '内科'),
(32, 8, 4, '中科'),
(33, 9, 1, '係員'),
(34, 9, 2, '乗車'),
(35, 9, 3, '店員'),
(36, 9, 4, '定員'),
(37, 10, 1, '清帰'),
(38, 10, 2, '清掃'),
(39, 10, 3, '精掃'),
(40, 10, 4, '精帰'),
(41, 11, 1, 'じゅうしゃ'),
(42, 11, 2, 'ちょうしゃ'),
(43, 11, 3, 'ちゅうしゃ'),
(44, 11, 4, 'じょうしゃ'),
(45, 12, 1, 'はさんで'),
(46, 12, 2, 'つつんで'),
(47, 12, 3, 'たたんで'),
(48, 12, 4, 'すすんで'),
(49, 13, 1, 'きがえ'),
(50, 13, 2, 'ためせ'),
(51, 13, 3, 'かわせ'),
(52, 13, 4, 'りょうがえ'),
(53, 14, 1, 'きんねんせき'),
(54, 14, 2, 'きんえんせき'),
(55, 14, 3, 'きっえんせき'),
(56, 14, 4, 'きつえんせき'),
(57, 15, 1, 'せいび'),
(58, 15, 2, 'えいぎょう'),
(59, 15, 3, 'きゅうぎょう'),
(60, 15, 4, 'じゅんび'),
(61, 16, 1, 'へいてん'),
(62, 16, 2, 'かいてん'),
(63, 16, 3, 'さいてん'),
(64, 16, 4, 'せいてん'),
(65, 17, 1, 'ちりょう'),
(66, 17, 2, 'いりょう'),
(67, 17, 3, 'ひりょう'),
(68, 17, 4, 'しんりょう'),
(69, 18, 1, 'きゅうきゅう'),
(70, 18, 2, 'きょうきゅう'),
(71, 18, 3, 'きゅうきょう'),
(72, 18, 4, 'きょうきょう'),
(73, 19, 1, 'はじゆき'),
(74, 19, 2, 'はつゆき'),
(75, 19, 3, 'しょゆき'),
(76, 19, 4, 'しょせつ'),
(77, 20, 1, 'しょうさん'),
(78, 20, 2, 'かいさん'),
(79, 20, 3, 'せいさん'),
(80, 20, 4, 'けいさん'),
(81, 21, 1, '符'),
(82, 21, 2, '札'),
(83, 21, 3, '付'),
(84, 21, 4, '段'),
(85, 22, 1, '科'),
(86, 22, 2, '化'),
(87, 22, 3, '案'),
(88, 22, 4, '席'),
(89, 23, 1, '改'),
(90, 23, 2, '際'),
(91, 23, 3, '御'),
(92, 23, 4, '再'),
(93, 24, 1, '代'),
(94, 24, 2, '総'),
(95, 24, 3, '第'),
(96, 24, 4, '弟'),
(97, 25, 1, '号'),
(98, 25, 2, '両'),
(99, 25, 3, '番'),
(100, 25, 4, '階'),
(101, 26, 1, 'かの'),
(102, 26, 2, 'くのん'),
(103, 26, 3, 'きのう'),
(104, 26, 4, 'かのう'),
(105, 27, 1, 'はらいもどし'),
(106, 27, 2, 'はらいがえし'),
(107, 27, 3, 'はらいおろし'),
(108, 27, 4, 'はらいのこし'),
(109, 28, 1, 'はんこ'),
(110, 28, 2, 'しるし'),
(111, 28, 3, 'おもて'),
(112, 28, 4, 'いんさつ'),
(113, 29, 1, 'ちゅうおう'),
(114, 29, 2, 'ちゅうしん'),
(115, 29, 3, 'ちゅうえい'),
(116, 29, 4, 'まんなか'),
(117, 30, 1, 'せつない'),
(118, 30, 2, 'なおさい'),
(119, 30, 3, 'おさない'),
(120, 30, 4, 'ようさい'),
(121, 31, 1, 'かくだい'),
(122, 31, 2, 'こうだい'),
(123, 31, 3, 'とくだい'),
(124, 31, 4, 'そうだい'),
(125, 32, 1, 'へんしゅう'),
(126, 32, 2, 'へんこう'),
(127, 32, 3, 'へんさい'),
(128, 32, 4, 'へんかん'),
(129, 33, 1, 'ちつど'),
(130, 33, 2, 'しつど'),
(131, 33, 3, 'ひつど'),
(132, 33, 4, 'いつど'),
(133, 34, 1, 'もうふ'),
(134, 34, 2, 'じゅんたん'),
(135, 34, 3, 'ふとん'),
(136, 34, 4, 'まくら'),
(137, 35, 1, 'そろえる'),
(138, 35, 2, 'かずえる'),
(139, 35, 3, 'そらえる'),
(140, 35, 4, 'かぞえる'),
(141, 36, 1, '終了'),
(142, 36, 2, '修了'),
(143, 36, 3, '完了'),
(144, 36, 4, '未了'),
(145, 37, 1, '保留'),
(146, 37, 2, '保存'),
(147, 37, 3, '保湿'),
(148, 37, 4, '保温'),
(149, 38, 1, '清掃'),
(150, 38, 2, '除湿'),
(151, 38, 3, '掃除'),
(152, 38, 4, '洗濯'),
(153, 39, 1, '常備'),
(154, 39, 2, '設備'),
(155, 39, 3, '準備'),
(156, 39, 4, '整備'),
(157, 40, 1, '目標'),
(158, 40, 2, '目表'),
(159, 40, 3, '木標'),
(160, 40, 4, '木表'),
(161, 41, 1, '調整中'),
(162, 41, 2, '修理中'),
(163, 41, 3, '整備中'),
(164, 41, 4, '発券中'),
(165, 42, 1, '対象的'),
(166, 42, 2, '他正的'),
(167, 42, 3, '対照的'),
(168, 42, 4, '他所的'),
(169, 43, 1, '用事'),
(170, 43, 2, '要事'),
(171, 43, 3, '有事'),
(172, 43, 4, '幼児'),
(173, 44, 1, '団体'),
(174, 44, 2, '集団'),
(175, 44, 3, '大体'),
(176, 44, 4, '団地'),
(177, 45, 1, '捨って'),
(178, 45, 2, '拾って'),
(179, 45, 3, '保って'),
(180, 45, 4, '取って'),
(181, 46, 1, '能'),
(182, 46, 2, '計'),
(183, 46, 3, '類'),
(184, 46, 4, '畳'),
(185, 47, 1, '修'),
(186, 47, 2, '帯'),
(187, 47, 3, '玉'),
(188, 47, 4, '式'),
(189, 48, 1, '歴'),
(190, 48, 2, '機'),
(191, 48, 3, '像'),
(192, 48, 4, '表'),
(193, 49, 1, '編'),
(194, 49, 2, '片'),
(195, 49, 3, '期'),
(196, 49, 4, '数'),
(197, 50, 1, '止'),
(198, 50, 2, '停'),
(199, 50, 3, '不'),
(200, 50, 4, '満'),
(201, 51, 1, 'りょしゅ'),
(202, 51, 2, 'りょしょう'),
(203, 51, 3, 'りょうしゅ'),
(204, 51, 4, 'りょうしゅう'),
(205, 52, 1, 'さま'),
(206, 52, 2, 'どの'),
(207, 52, 3, 'くん'),
(208, 52, 4, 'でん'),
(209, 53, 1, 'ばんご'),
(210, 53, 2, 'ばごう'),
(211, 53, 3, 'ばんご'),
(212, 53, 4, 'ばんごう'),
(213, 54, 1, 'ねだん'),
(214, 54, 2, 'きんがく'),
(215, 54, 3, 'かかく'),
(216, 54, 4, 'りょうきん'),
(217, 55, 1, 'おたし'),
(218, 55, 2, 'おかし'),
(219, 55, 3, 'おとし'),
(220, 55, 4, 'おこし'),
(221, 56, 1, 'おめたたてて'),
(222, 56, 2, 'ゆめたてて'),
(223, 56, 3, 'うまたてて'),
(224, 56, 4, 'ぬめたてて'),
(225, 57, 1, 'かねらず'),
(226, 57, 2, 'かならず'),
(227, 57, 3, 'からなず'),
(228, 57, 4, 'かれなず'),
(229, 58, 1, 'かさなります'),
(230, 58, 2, 'ともなります'),
(231, 58, 3, 'ことなります'),
(232, 58, 4, 'いなります'),
(233, 59, 1, 'びょうどう'),
(234, 59, 2, 'へいとう'),
(235, 59, 3, 'ひょうとう'),
(236, 59, 4, 'べいどう'),
(237, 60, 1, 'めいし'),
(238, 60, 2, 'めいご'),
(239, 60, 3, 'まいご'),
(240, 60, 4, 'まいこ'),
(241, 61, 1, '客位'),
(242, 61, 2, '各位'),
(243, 61, 3, '名位'),
(244, 61, 4, '角位'),
(245, 62, 1, '共力'),
(246, 62, 2, '強力'),
(247, 62, 3, '協力'),
(248, 62, 4, '助力'),
(249, 63, 1, 'お参り'),
(250, 63, 2, 'お迷り'),
(251, 63, 3, 'お断り'),
(252, 63, 4, 'お周り'),
(253, 64, 1, '発行'),
(254, 64, 2, '流行'),
(255, 64, 3, '用効'),
(256, 64, 4, '有効'),
(257, 65, 1, '延びた'),
(258, 65, 2, '震びた'),
(259, 65, 3, '平びた'),
(260, 65, 4, '結びた'),
(261, 66, 1, '店'),
(262, 66, 2, '屋'),
(263, 66, 3, '建'),
(264, 66, 4, '軒'),
(265, 67, 1, '印日'),
(266, 67, 2, '翌日'),
(267, 67, 3, '両日'),
(268, 67, 4, '次日'),
(269, 68, 1, '気の毎'),
(270, 68, 2, '気の独'),
(271, 68, 3, '気の毒'),
(272, 68, 4, '気の苺'),
(273, 69, 1, '書類'),
(274, 69, 2, '資料'),
(275, 69, 3, '書類'),
(276, 69, 4, '賃料'),
(277, 70, 1, '収集'),
(278, 70, 2, '収入'),
(279, 70, 3, '回収'),
(280, 70, 4, '吸収'),
(281, 71, 1, '記'),
(282, 71, 2, '頂'),
(283, 71, 3, '封'),
(284, 71, 4, '葉'),
(285, 72, 1, '当'),
(286, 72, 2, '平'),
(287, 72, 3, '本'),
(288, 72, 4, '現'),
(289, 73, 1, '断'),
(290, 73, 2, '枝'),
(291, 73, 3, '管'),
(292, 73, 4, '蔵'),
(293, 74, 1, '機'),
(294, 74, 2, '器'),
(295, 74, 3, '記'),
(296, 74, 4, '気'),
(297, 75, 1, '額'),
(298, 75, 2, '料'),
(299, 75, 3, '代'),
(300, 75, 4, '金'),
(301, 76, 1, 'きゅしょう'),
(302, 76, 2, 'しゅっちょう'),
(303, 76, 3, 'じゅちょう'),
(304, 76, 4, 'しゅちょう'),
(305, 77, 1, 'おさいぼ'),
(306, 77, 2, 'おせいぼ'),
(307, 77, 3, 'おとしくれ'),
(308, 77, 4, 'おとしだき'),
(309, 78, 1, 'おなねき'),
(310, 78, 2, 'おまねき'),
(311, 78, 3, 'おなめき'),
(312, 78, 4, 'おまめき'),
(313, 79, 1, 'うしなって'),
(314, 79, 2, 'やしなって'),
(315, 79, 3, 'あしらって'),
(316, 79, 4, 'おぎなって'),
(317, 80, 1, 'めぐまれた'),
(318, 80, 2, 'つつまれた'),
(319, 80, 3, 'かこまれた'),
(320, 80, 4, 'いとなまれた'),
(321, 81, 1, 'おかだい'),
(322, 81, 2, 'おたがい'),
(323, 81, 3, 'おとがい'),
(324, 81, 4, 'おだかい'),
(325, 82, 1, 'そじき'),
(326, 82, 2, 'そなお'),
(327, 82, 3, 'そっちょく'),
(328, 82, 4, 'すなお'),
(329, 83, 1, 'たたかい'),
(330, 83, 2, 'きそい'),
(331, 83, 3, 'おらそい'),
(332, 83, 4, 'いさかい'),
(333, 84, 1, 'はまって'),
(334, 84, 2, 'たもって'),
(335, 84, 3, 'ひたって'),
(336, 84, 4, 'たよって'),
(337, 85, 1, 'あせ'),
(338, 85, 2, 'いびき'),
(339, 85, 3, 'はじ'),
(340, 85, 4, 'あぐら'),
(341, 86, 1, '週間'),
(342, 86, 2, '習慣'),
(343, 86, 3, '主観'),
(344, 86, 4, '週刊'),
(345, 87, 1, '打ち合わせ'),
(346, 87, 2, '待ち合わせ'),
(347, 87, 3, '持ち合わせ'),
(348, 87, 4, '落ち合わせ'),
(349, 88, 1, '祝日'),
(350, 88, 2, '察日'),
(351, 88, 3, '際日'),
(352, 88, 4, '祭日'),
(353, 89, 1, '部暑'),
(354, 89, 2, '部所'),
(355, 89, 3, '部署'),
(356, 89, 4, '部諸'),
(357, 90, 1, '喜心'),
(358, 90, 2, '関心'),
(359, 90, 3, '寒心'),
(360, 90, 4, '感心'),
(361, 91, 1, '寝れない'),
(362, 91, 2, '慣れない'),
(363, 91, 3, '眠れない'),
(364, 91, 4, '疲れない'),
(365, 92, 1, '域'),
(366, 92, 2, '行日'),
(367, 92, 3, '鼻'),
(368, 92, 4, '息'),
(369, 93, 1, '血役'),
(370, 93, 2, '血液'),
(371, 93, 3, '血夜'),
(372, 93, 4, '血駅'),
(373, 94, 1, '専門'),
(374, 94, 2, '専問'),
(375, 94, 3, '専聞'),
(376, 94, 4, '専文'),
(377, 95, 1, '務め'),
(378, 95, 2, '努め'),
(379, 95, 3, '勉め'),
(380, 95, 4, '勤め'),
(381, 96, 1, '期'),
(382, 96, 2, '次'),
(383, 96, 3, '部'),
(384, 96, 4, '助'),
(385, 97, 1, '著'),
(386, 97, 2, '所'),
(387, 97, 3, '暑'),
(388, 97, 4, '署'),
(389, 98, 1, '状'),
(390, 98, 2, '札'),
(391, 98, 3, '礼'),
(392, 98, 4, '紙'),
(393, 99, 1, '在'),
(394, 99, 2, '健'),
(395, 99, 3, '現'),
(396, 99, 4, '保'),
(397, 100, 1, '諸'),
(398, 100, 2, '第'),
(399, 100, 3, '総'),
(400, 100, 4, '要');

-- --------------------------------------------------------

--
-- Table structure for table `question_tbl`
--

CREATE TABLE `question_tbl` (
  `q_id` int(11) NOT NULL,
  `que` text DEFAULT NULL,
  `ans` int(11) DEFAULT NULL,
  `exp` text DEFAULT NULL
) ENGINE=InnoDB DEFAULT CHARSET=utf8mb4 COLLATE=utf8mb4_general_ci;

--
-- Dumping data for table `question_tbl`
--

INSERT INTO `question_tbl` (`q_id`, `que`, `ans`, `exp`) VALUES
(1, '地デジ ”ほうそう” というの何ですか。', 3, '放送'),
(2, 'この手紙は ”そくたつ” でおねがいします。', 1, '速達'),
(3, '”くうこう” までリムジンバスで行きます。:', 1, '空港'),
(4, 'A「電車の ”きっぷ” を買わないんですか。 Ｂ「ええ、電子マネーが使えますから。」:', 3, '切符'),
(5, 'A「トイレを使ったら、”ながして” くださいね。」 Ｂ「あ、すみません、自動じゃないんですね。」:', 1, '流して'),
(6, 'A「何をしてるの？早く行こうよ。」 Ｂ「あ、バスの ”じこくひょう” の写真をとっているの。ちょっと、待って。」:', 4, '時刻表'),
(7, 'A「8時5分発の快速の2 ”りょうめ” に乗ります。」 Ｂ「わかりました。」:', 2, '両目'),
(8, 'A「風邪を引いたんです。」 Ｂ「じゃ、”ないか” ですね。」:', 3, '内科'),
(9, 'このエレベーターは ”ていいん” 9名です。', 4, '定員'),
(10, '御手洗いは ”せいそう” 中です。', 2, '清掃'),
(11, 'ここは “駐車” 禁止です。', 3, 'ちゅうしゃ'),
(12, 'チューインガムは紙に ”包んで” 捨てましょう。', 2, 'つつんで'),
(13, '外国 ”為替” の窓口は2階です。', 3, 'かわせ'),
(14, '”喫煙席” はあちらです。', 4, 'きつえんせき'),
(15, '食堂はまだ ”準備” 中です。', 4, 'じゅんび'),
(16, 'デパートの ”閉店” セールに行く。', 1, 'へいてん'),
(17, '”医療” 関係の仕事をする。', 2, 'いりょう'),
(18, '”救急” 車をよぶときは119に電話します。', 1, 'きゅうきゅう'),
(19, '富士山に ”初雪” が降りました。', 2, 'はつゆき'),
(20, '機械でも ”精算” できます。', 3, 'せいさん'),
(21, '一万円（　）を両替してくれませんか。', 2, '札'),
(22, '日本からの外国旅行は１９６４年に理由（　）されました。', 2, '化'),
(23, '（　）入国手続きをする。', 4, '再'),
(24, 'A「羽田空港の（　）2ターミナルへ行きたいんですが。」 B「じゃ、次の駅で降りてください。」', 3, '第'),
(25, '1（　）車は禁煙車です。', 1, '号'),
(26, 'この天気で登山は　”可能”　でしょうか。', 4, 'かのう'),
(27, '切符の　”払い戻し”　をする。', 1, 'はらいもどし'),
(28, 'この　”印”　は取り消しをしています。', 2, 'しるし'),
(29, '部屋の　”中央”　にテーブルがあります。', 1, 'ちゅうおう'),
(30, 'このごろ、　”幼い”　子どもの事故が増えている。', 3, 'おさない'),
(31, '印刷して　”拡大”　コビーしてください。', 1, 'かくだい'),
(32, '文字を選択して　\"変換\"　する。', 4, 'へんかん'),
(33, 'この時期は　”湿度”　が高い。', 2, 'しつど'),
(34, '団地のベランダに　”布団”　がほしてある。', 3, 'ふとん'),
(35, 'コビー用紙の枚数を　”数える”。', 2, 'かぞえる'),
(36, '本日の営業　”しゅうりょう”　しました。', 1, '終了'),
(37, 'その件はまだ話し合いが済んでいないので　”ほりゅう”　です。', 1, '保留'),
(38, '本日では年末に大　”そうじ”　をします。', 3, '掃除'),
(39, 'このへんもずいぶん道路が　”せいび”　されてきました。', 4, '整備'),
(40, '今年の　”もくひょう”　をたてる。', 1, '目標'),
(41, 'A「このATMは使えないみたい。」Ｂ「ああ、　”ちょうせいちゅう”　ですね。」', 1, '調整中'),
(42, 'A「お二人は顔がそっくりですね。」Ｂ「ええ、でも、格好は　”たいしょうてき”　なんですよ。」', 3, '対照的'),
(43, 'A「それで、お仕事の内容は？」Ｂ「　”ようじ”　向けの商品開発です。」', 4, '幼児'),
(44, 'A「　”だんたい”　割引は何人からです。」Ｂ「8名様からです。」', 1, '団体'),
(45, 'A「どうしたの、それ。」Ｂ「川にぷかぷか浮いてたから、　”ひろって”　きたの。」', 2, '拾って'),
(46, 'カップで米の分（　）を量る。', 4, '畳'),
(47, '日本（　）のあいさつやマナーを覚える。', 4, '式'),
(48, 'メールといっしょに画（　）を送信する。', 3, '像'),
(49, '短（　）小説を読む。', 1, '編'),
(50, '今朝、地震で（　）電になりました。', 2, '停'),
(51, '領収', 4, 'りょうしゅう'),
(52, '殿', 2, 'どの'),
(53, '番号', 4, 'でん'),
(54, '金額', 2, 'きんがく'),
(55, '千葉から　”お越し”　の田細様、お連れ様がお待ちです。', 4, 'おこし'),
(56, '海を　”埋め立てて”　空港を建てる。', 3, 'うまたてて'),
(57, 'この資料　”必ず”　ご持参ください。', 2, 'かならず'),
(58, '写真は実物とは少し　”異なります”　。', 3, 'ことなります'),
(59, '男女　”平等”　に仕事の機会があたえられる。', 1, 'びょうどう'),
(60, '”迷子”　のお知らせをいたします。', 3, 'まいご'),
(61, '関係者　”かくい”　サーバー停止のをお知らせです。', 2, '各位'),
(62, 'アンケートにご　”きょうりょく”　お願いします。', 3, '協力'),
(63, '正月は多くの人々がお寺や神社に　”おまいり”　する。', 1, 'お参り'),
(64, 'このカードの　”ゆうこう”　期限は1年です。', 4, '有効'),
(65, '訓練は雨で来週に　”のびた”　。', 1, '延びた'),
(66, 'A「あ、また新しいコンビニができたね。」Ｂ「そう、これでうちの近くには4　”けん”　もあるの。」', 4, '軒'),
(67, 'A「もう届いたの？」B「うん、注文した　”よくじつ”　には来るね。」', 2, '翌日'),
(68, 'A「あの家は火事で焼けたそうですよ。」Ｂ「お　”きのどく”　に。」', 3, '気の毒'),
(69, 'A「これ人数分コピーして。」Ｂ「はい、会議で配る　”しりょう”　ですね。」', 2, '資料'),
(70, 'A「何のお知らせ？」Ｂ「年末年始のゴミの　“しゅうしゅう”　日よ。」', 1, '収集'),
(71, '手紙を（　）する。', 3, '封'),
(72, '試験（　）日は駅が込むので、帰りの切符も買っておいたほうがいい。', 1, '当'),
(73, '試験は寒さで水道（　）が凍っている。', 3, '管'),
(74, '電話の受話（　）を取る。', 2, '器'),
(75, 'お客様のクレジットのご利用限度（　）は８０万円です。', 1, '額'),
(76, '自分は間違っていない、と彼は　”主張”　した。', 4, 'しゅちょう'),
(77, 'デパートは　”お歳暮”　の買い物をする人たちで混んでいた。', 2, 'おせいぼ'),
(78, '日本は　”お招き”　頂きまして、ありがとうございました。', 2, 'おまねき'),
(79, '信用を　”失って”　はビジネスはできない。', 1, 'うしなって'),
(80, '花と緑に　”囲まれた”　家に住みたい。', 3, 'かこまれた'),
(81, '”お互い”　に体に気をつけてく頑張りましょう。', 2, 'おたがい'),
(82, '子どもらしく　”素直”　に育ってほして。', 4, 'すなお'),
(83, 'この歌には　”戦い”　をやめようというメッセージが込められている。', 3, 'おらそい'),
(84, '結婚して以来、私はすっかり妻に　”頼って”　いる。', 4, 'たよって'),
(85, 'スピーチで漢字を読み間違えて　”恥”　をかいた。', 3, 'はじ'),
(86, '国によって文化　”しゅかん”　は異なる。', 2, '習慣'),
(87, '”うちあわせ”　は２時からです。', 1, '打ち合わせ'),
(88, '明日は　”さいじつ”　でお休みだ。', 4, '祭日'),
(89, 'こちらに勤務先と　”ぶしょ”　名を書きください。', 3, '部署'),
(90, '幼い子にきちんとあいさつをされて　”かんしんした”。', 4, '感心'),
(91, 'A「どうしましたか。」 B「最近、”ねむらな”いし、食欲もないいんです。」', 3, '眠れない'),
(92, 'はい、”いき”　を吸って、止めてください。はい、いいですよ。', 4, '息'),
(93, 'A「”けつえき”　検査の結果は...異常なしですね。」 B「よかった」', 2, '血液'),
(94, 'A「ご　”せんもん”　は？」 B「美術史です。」', 1, '専門'),
(95, 'A「どちらにお　”つとめ”　ですか。」 B「京都大学です。」', 4, '勤め'),
(96, 'この試験に受かった人は二（　）試験が受けられる。', 2, '次'),
(97, '兄は消防（　）に勤めています。', 4, '署'),
(98, '年賀（　）を印刷する。', 1, '状'),
(99, 'おかげざまで両親は（　）在です。', 2, '健'),
(100, '現代社会の（　）問題についての講演を聞く。', 1, '諸');

-- --------------------------------------------------------

--
-- Table structure for table `test_taker_tbl`
--

CREATE TABLE `test_taker_tbl` (
  `Primarykey` int(11) NOT NULL,
  `q_id` int(11) NOT NULL,
  `test_take_ans` int(11) DEFAULT NULL
) ENGINE=InnoDB DEFAULT CHARSET=utf8mb4 COLLATE=utf8mb4_general_ci;

--
-- Dumping data for table `test_taker_tbl`
--

INSERT INTO `test_taker_tbl` (`Primarykey`, `q_id`, `test_take_ans`) VALUES
(1978, 51, 1),
(1979, 52, 1),
(1980, 53, 1),
(1981, 54, 1),
(1982, 55, 1),
(1983, 56, 1),
(1984, 57, 1),
(1985, 58, 1),
(1986, 59, 1),
(1987, 60, 1),
(1988, 76, 1),
(1989, 77, 1),
(1990, 78, 1),
(1991, 79, 1),
(1992, 80, 1),
(1993, 81, NULL),
(1994, 82, 1),
(1995, 83, NULL),
(1996, 84, NULL),
(1997, 85, NULL),
(1998, 26, NULL),
(1999, 27, NULL),
(2000, 28, NULL),
(2001, 29, NULL),
(2002, 30, NULL),
(2003, 31, NULL),
(2004, 32, NULL),
(2005, 33, NULL),
(2006, 34, NULL),
(2007, 35, NULL),
(2008, 36, NULL),
(2009, 37, NULL),
(2010, 38, NULL),
(2011, 39, NULL),
(2012, 40, NULL),
(2013, 41, NULL),
(2014, 42, NULL),
(2015, 43, NULL),
(2016, 44, NULL),
(2017, 45, NULL),
(2018, 1, 1),
(2019, 2, 1),
(2020, 3, 1),
(2021, 4, 1),
(2022, 5, 1),
(2023, 6, 1),
(2024, 7, 1),
(2025, 8, 1),
(2026, 9, 1),
(2027, 10, 1),
(2028, 26, 1),
(2029, 27, 1),
(2030, 28, 1),
(2031, 29, 1),
(2032, 30, 1),
(2033, 31, 1),
(2034, 32, 1),
(2035, 33, 1),
(2036, 34, 1),
(2037, 35, 1);

--
-- Indexes for dumped tables
--

--
-- Indexes for table `answer_tbl`
--
ALTER TABLE `answer_tbl`
  ADD PRIMARY KEY (`cho_id`);

--
-- Indexes for table `question_tbl`
--
ALTER TABLE `question_tbl`
  ADD PRIMARY KEY (`q_id`);

--
-- Indexes for table `test_taker_tbl`
--
ALTER TABLE `test_taker_tbl`
  ADD PRIMARY KEY (`Primarykey`);

--
-- AUTO_INCREMENT for dumped tables
--

--
-- AUTO_INCREMENT for table `test_taker_tbl`
--
ALTER TABLE `test_taker_tbl`
  MODIFY `Primarykey` int(11) NOT NULL AUTO_INCREMENT, AUTO_INCREMENT=2038;
COMMIT;

/*!40101 SET CHARACTER_SET_CLIENT=@OLD_CHARACTER_SET_CLIENT */;
/*!40101 SET CHARACTER_SET_RESULTS=@OLD_CHARACTER_SET_RESULTS */;
/*!40101 SET COLLATION_CONNECTION=@OLD_COLLATION_CONNECTION */;
